date,cust,kind,isin,qty,amt
2024-02-06T10:00,S,dep,,,650.00
2024-03-04T10:00,S,buy,XS0000000011,40,2000.00
2024-03-06T10:00,S,dep,,,650.00
2024-04-06T10:00,S,dep,,,650.00
2024-05-06T10:00,S,dep,,,650.00
2024-05-23T10:00,S,buy,US67066G1040,27,1746.20
2024-06-06T10:00,S,dep,,,650.00
2024-07-01T10:00,S,buy,US8740391003,19,2990.41
2024-07-06T10:00,S,dep,,,650.00
2024-08-06T10:00,S,dep,,,650.00
2024-09-02T10:00,S,buy,US02079K3059,12,1447.16
2024-09-06T10:00,S,dep,,,650.00
2024-10-06T10:00,S,dep,,,650.00
2024-11-04T10:00,S,buy,US5324571083,43,2522.21
2024-11-06T10:00,S,dep,,,650.00
2024-12-06T10:00,S,dep,,,650.00
2025-01-06T10:00,S,buy,XS0000000022,30,1500.00
2025-01-06T10:00,S,dep,,,650.00
2025-02-03T10:00,S,sell,XS0000000011,40,2460.00
2025-02-06T10:00,S,dep,,,650.00
2025-03-03T10:00,S,buy,US02079K3059,8,1518.42
2025-03-06T10:00,S,dep,,,650.00
2025-04-06T10:00,S,dep,,,650.00
2025-04-08T10:00,S,buy,US67066G1040,35,1731.59
2025-05-05T10:00,S,sell,XS0000000022,30,1290.00
2025-05-06T10:00,S,dep,,,650.00
2025-06-02T10:00,S,wdr,,,3000.00
2025-06-06T10:00,S,dep,,,650.00
2025-06-15T10:00,S,div,US8740391003,,6.40
2025-07-06T10:00,S,dep,,,650.00
2025-08-06T10:00,S,dep,,,650.00
2025-09-06T10:00,S,dep,,,650.00
2025-10-06T10:00,S,dep,,,650.00
2025-11-06T10:00,S,dep,,,650.00
2025-11-14T10:00,S,buy,DE000BB00001,100,1000.00
2025-11-20T10:00,S,sell,DE000BB00001,100,420.00
2025-12-06T10:00,S,dep,,,650.00
2025-12-15T10:00,S,div,US02079K3059,,4.10
2026-01-06T10:00,S,dep,,,650.00
2026-02-06T10:00,S,dep,,,650.00
2026-03-06T10:00,S,dep,,,650.00
2026-03-15T10:00,S,fee,,,2.99
2026-04-06T10:00,S,dep,,,650.00
2026-05-06T10:00,S,dep,,,650.00
2026-06-06T10:00,S,dep,,,650.00
2026-07-06T10:00,S,dep,,,650.00
2026-08-06T10:00,S,dep,,,650.00
2026-08-07T10:00,S,buy,CA2926717083,119,1195.36
2026-09-04T10:00,S,buy,US5951121038,70,1796.55
2026-09-06T10:00,S,dep,,,650.00
2026-09-07T10:00,S,buy,US92537N1081,10,1404.52
2026-09-11T10:00,S,buy,US5533681012,11,613.06
