Type,Product,Started Date,Completed Date,Description,Amount,Fee,Currency,State,Balance
TOPUP,Current,2026-07-04 09:12:01,2026-07-04 09:12:05,Top-up from BCC,400.00,0.00,EUR,COMPLETED,712.50
CARD_PAYMENT,Current,2026-07-10 20:01:44,2026-07-11 08:00:00,Netflix,-13.99,0.00,EUR,COMPLETED,698.51
CARD_PAYMENT,Current,2026-07-19 17:40:10,2026-07-20 08:00:00,Eni Station 4412,-61.20,0.00,EUR,COMPLETED,637.31
CARD_PAYMENT,Current,2026-07-22 21:15:00,2026-07-23 08:00:00,Pizzeria Da Mario,-38.00,0.00,EUR,COMPLETED,599.31
TOPUP,Current,2026-08-04 09:00:00,2026-08-04 09:00:03,Top-up from BCC,400.00,0.00,EUR,COMPLETED,999.31
CARD_PAYMENT,Current,2026-08-10 20:01:44,2026-08-11 08:00:00,Netflix,-13.99,0.00,EUR,COMPLETED,985.32
CARD_PAYMENT,Current,2026-08-21 07:30:00,2026-08-21 09:00:00,Telepass SpA,-24.10,0.00,EUR,COMPLETED,961.22
CARD_PAYMENT,Current,2026-08-21 07:30:02,2026-08-21 09:00:00,Telepass SpA,-24.10,0.00,EUR,COMPLETED,937.12
CARD_PAYMENT,Current,2026-09-10 20:01:44,2026-09-11 08:00:00,Netflix,-15.99,0.00,EUR,COMPLETED,921.13
